{
  "baroque": [
    {
      "name": "Bach WTC I Fugue C major \u2014 Subject",
      "pitch_range": 8,
      "pitch_min": 59,
      "pitch_max": 67,
      "pitch_mean": 62.3,
      "pitch_std": 2.491987158875422,
      "note_count": 10,
      "step_ratio": 0.7777777777777778,
      "leap_ratio": 0.0,
      "mean_abs_interval": 2.2222222222222223,
      "direction_change_ratio": 0.5,
      "pitch_class_entropy": 2.4464393446710155,
      "pitch_transition_entropy": 2.94770277922009,
      "rhythm_entropy": 0.7642045065086203,
      "rhythm_density": 1.1111111111111112,
      "duration_seconds": 6.75,
      "tonal_clarity": 0.8099343531051998,
      "estimated_key": "C major",
      "chromaticism": 0.0
    },
    {
      "name": "Bach WTC I Fugue C minor \u2014 Subject",
      "pitch_range": 8,
      "pitch_min": 60,
      "pitch_max": 68,
      "pitch_mean": 63.6875,
      "pitch_std": 2.591301555203485,
      "note_count": 16,
      "step_ratio": 0.9333333333333333,
      "leap_ratio": 0.0,
      "mean_abs_interval": 2.0,
      "direction_change_ratio": 0.21428571428571427,
      "pitch_class_entropy": 2.514097655573916,
      "pitch_transition_entropy": 3.3735572622751846,
      "rhythm_entropy": 0.9967916319816366,
      "rhythm_density": 2.6666666666666665,
      "duration_seconds": 5.0,
      "tonal_clarity": 0.7631031277454525,
      "estimated_key": "C minor",
      "chromaticism": 0.0
    },
    {
      "name": "Bach Invention No.1 C major",
      "pitch_range": 12,
      "pitch_min": 60,
      "pitch_max": 72,
      "pitch_mean": 65.0625,
      "pitch_std": 3.732772930409778,
      "note_count": 16,
      "step_ratio": 0.6666666666666666,
      "leap_ratio": 0.06666666666666667,
      "mean_abs_interval": 2.6,
      "direction_change_ratio": 0.6428571428571429,
      "pitch_class_entropy": 2.452819531114783,
      "pitch_transition_entropy": 3.1898980954642866,
      "rhythm_entropy": -0.0,
      "rhythm_density": 4.0,
      "duration_seconds": 2.4,
      "tonal_clarity": 0.8144195550251058,
      "estimated_key": "C major",
      "chromaticism": 0.0
    },
    {
      "name": "Bach Invention No.8 F major",
      "pitch_range": 12,
      "pitch_min": 60,
      "pitch_max": 72,
      "pitch_mean": 67.0,
      "pitch_std": 3.1446603773522015,
      "note_count": 18,
      "step_ratio": 0.6470588235294118,
      "leap_ratio": 0.058823529411764705,
      "mean_abs_interval": 2.764705882352941,
      "direction_change_ratio": 0.375,
      "pitch_class_entropy": 2.5521796970665482,
      "pitch_transition_entropy": 3.2927701939369904,
      "rhythm_entropy": 0.5225593745369408,
      "rhythm_density": 3.6,
      "duration_seconds": 3.75,
      "tonal_clarity": 0.8210800649233557,
      "estimated_key": "F major",
      "chromaticism": 0.0
    },
    {
      "name": "Bach Cello Suite No.1 Prelude \u2014 opening",
      "pitch_range": 9,
      "pitch_min": 53,
      "pitch_max": 62,
      "pitch_mean": 58.9375,
      "pitch_std": 2.474084426611186,
      "note_count": 32,
      "step_ratio": 0.12903225806451613,
      "leap_ratio": 0.03225806451612903,
      "mean_abs_interval": 4.096774193548387,
      "direction_change_ratio": 1.0,
      "pitch_class_entropy": 2.3514097655573916,
      "pitch_transition_entropy": 3.5993576007094554,
      "rhythm_entropy": -0.0,
      "rhythm_density": 3.999999999999999,
      "duration_seconds": 7.272727272727273,
      "tonal_clarity": 0.6793595808119455,
      "estimated_key": "A minor",
      "chromaticism": 0.0
    }
  ],
  "romantic": [
    {
      "name": "Chopin Nocturne Op.9 No.2 \u2014 opening",
      "pitch_range": 8,
      "pitch_min": 71,
      "pitch_max": 79,
      "pitch_mean": 74.375,
      "pitch_std": 2.341874249399399,
      "note_count": 16,
      "step_ratio": 0.8666666666666667,
      "leap_ratio": 0.0,
      "mean_abs_interval": 1.5333333333333334,
      "direction_change_ratio": 0.2857142857142857,
      "pitch_class_entropy": 2.827819531114783,
      "pitch_transition_entropy": 3.640223928941851,
      "rhythm_entropy": 0.9055872616982603,
      "rhythm_density": 2.0,
      "duration_seconds": 8.0,
      "tonal_clarity": 0.6955610997350514,
      "estimated_key": "E minor",
      "chromaticism": 0.25
    },
    {
      "name": "Schumann Tr\u00e4umerei \u2014 opening",
      "pitch_range": 12,
      "pitch_min": 65,
      "pitch_max": 77,
      "pitch_mean": 70.6875,
      "pitch_std": 3.736956482219187,
      "note_count": 16,
      "step_ratio": 0.6666666666666666,
      "leap_ratio": 0.0,
      "mean_abs_interval": 2.8,
      "direction_change_ratio": 0.35714285714285715,
      "pitch_class_entropy": 2.6556390622295662,
      "pitch_transition_entropy": 3.773557262275185,
      "rhythm_entropy": 0.5665095065529053,
      "rhythm_density": 1.7777777777777775,
      "duration_seconds": 9.642857142857144,
      "tonal_clarity": 0.9374904128399276,
      "estimated_key": "F major",
      "chromaticism": 0.0
    },
    {
      "name": "Chopin Ballade No.1 \u2014 main theme",
      "pitch_range": 14,
      "pitch_min": 65,
      "pitch_max": 79,
      "pitch_mean": 71.375,
      "pitch_std": 3.9823830805184977,
      "note_count": 16,
      "step_ratio": 0.5333333333333333,
      "leap_ratio": 0.0,
      "mean_abs_interval": 2.6,
      "direction_change_ratio": 0.21428571428571427,
      "pitch_class_entropy": 2.4056390622295662,
      "pitch_transition_entropy": 3.3735572622751855,
      "rhythm_entropy": 1.158938532350277,
      "rhythm_density": 1.4545454545454546,
      "duration_seconds": 10.0,
      "tonal_clarity": 0.8491340338821387,
      "estimated_key": "G minor",
      "chromaticism": 0.0
    },
    {
      "name": "Liszt Liebestraum No.3 \u2014 opening",
      "pitch_range": 12,
      "pitch_min": 68,
      "pitch_max": 80,
      "pitch_mean": 72.3125,
      "pitch_std": 3.5482169818093143,
      "note_count": 16,
      "step_ratio": 0.6,
      "leap_ratio": 0.0,
      "mean_abs_interval": 2.0,
      "direction_change_ratio": 0.21428571428571427,
      "pitch_class_entropy": 2.48345859334435,
      "pitch_transition_entropy": 3.3735572622751846,
      "rhythm_entropy": 0.9967916319816366,
      "rhythm_density": 1.3333333333333333,
      "duration_seconds": 12.857142857142858,
      "tonal_clarity": 0.6589066589318181,
      "estimated_key": "C# minor",
      "chromaticism": 0.16666666666666666
    },
    {
      "name": "Chopin Prelude Op.28 No.4 E minor",
      "pitch_range": 5,
      "pitch_min": 71,
      "pitch_max": 76,
      "pitch_mean": 73.3125,
      "pitch_std": 1.7929985359726315,
      "note_count": 16,
      "step_ratio": 0.9333333333333333,
      "leap_ratio": 0.0,
      "mean_abs_interval": 0.8,
      "direction_change_ratio": 0.375,
      "pitch_class_entropy": 2.5306390622295662,
      "pitch_transition_entropy": 3.640223928941852,
      "rhythm_entropy": -0.0,
      "rhythm_density": 1.0,
      "duration_seconds": 18.46153846153846,
      "tonal_clarity": 0.4133405378687175,
      "estimated_key": "E minor",
      "chromaticism": 0.3333333333333333
    }
  ],
  "pop": [
    {
      "name": "Twinkle Twinkle Little Star",
      "pitch_range": 9,
      "pitch_min": 60,
      "pitch_max": 69,
      "pitch_mean": 64.35714285714286,
      "pitch_std": 3.0846889830984545,
      "note_count": 14,
      "step_ratio": 0.9230769230769231,
      "leap_ratio": 0.0,
      "mean_abs_interval": 1.3846153846153846,
      "direction_change_ratio": 0.16666666666666666,
      "pitch_class_entropy": 2.5566567074628233,
      "pitch_transition_entropy": 3.7004397181410926,
      "rhythm_entropy": 0.39124356362925566,
      "rhythm_density": 0.875,
      "duration_seconds": 8.0,
      "tonal_clarity": 0.9289580372420584,
      "estimated_key": "C major",
      "chromaticism": 0.0
    },
    {
      "name": "C-pop Ballad Verse (generic)",
      "pitch_range": 10,
      "pitch_min": 62,
      "pitch_max": 72,
      "pitch_mean": 66.4375,
      "pitch_std": 2.6450129961873534,