{
  "prelude": {
    "pitch_entropy": {
      "Acoustic Grand Piano": 2.9647582336422555
    },
    "transition_entropy": {
      "Acoustic Grand Piano": 2.111954112144078
    },
    "rhythm_entropy": {
      "Acoustic Grand Piano": 3.4293664319271517
    },
    "interval_entropy": {
      "Acoustic Grand Piano": 2.1772801093237337
    },
    "pitch_bigram_entropy": 5.0767123457863335,
    "global_rhythm_entropy": 3.4293664319271517,
    "cross_voice_mi": 0.0,
    "beats": [
      0.0,
      1.0,
      2.0,
      3.0,
      4.0,
      5.0,
      6.0,
      7.0,
      8.0,
      9.0,
      10.0,
      11.0,
      12.0,
      13.0,
      14.0,
      15.0,
      16.0,
      17.0,
      18.0,
      19.0,
      20.0,
      21.0,
      22.0,
      23.0,
      24.0,
      25.0,
      26.0,
      27.0,
      28.0,
      29.0,
      30.0,
      31.0,
      32.0,
      33.0,
      34.0,
      35.0,
      36.0,
      37.0,
      38.0,
      39.0,
      40.0,
      41.0,
      42.0,
      43.0,
      44.0,
      45.0,
      46.0,
      47.0,
      48.0,
      49.0,
      50.0,
      51.0,
      52.0,
      53.0,
      54.0,
      55.0,
      56.0,
      57.0,
      58.0,
      59.0,
      60.0,
      61.0,
      62.0,
      63.0,
      64.0,
      65.0,
      66.0,
      67.0,
      68.0,
      69.0,
      70.0,
      71.0,
      72.0,
      73.0,
      74.0,
      75.0,
      76.0,
      77.0,
      78.0,
      79.0,
      80.0,
      81.0,
      82.0,
      83.0,
      84.0,
      85.0,
      86.0,
      87.0,
      88.0,
      89.0,
      90.0,
      91.0,
      92.0,
      93.0,
      94.0,
      95.0,
      96.0,
      97.0,
      98.0,
      99.0,
      100.0,
      101.0,
      102.0,
      103.0,
      104.0,
      105.0,
      106.0,
      107.0,
      108.0,
      109.0,
      110.0,
      111.0,
      112.0,
      113.0,
      114.0,
      115.0,
      116.0,
      117.0,
      118.0,
      119.0,
      120.0,
      121.0,
      122.0,
      123.0,
      124.0,
      125.0,
      126.0,
      127.0,
      128.0,
      129.0,
      130.0,
      131.0,
      132.0,
      133.0,
      134.0,
      135.0,
      136.0
    ],
    "windowed_pitch_h": [
      1.7998737308598005,
      2.0779769907368,
      2.165796590276909,
      2.2498038448469964,
      2.3552906944979544,
      2.4700167447157355,
      2.5461796649589266,
      2.379907731905803,
      2.3042513564535545,
      2.5870127881523675,
      2.6951844626618033,
      2.6802725305401656,
      2.4886085007312415,
      2.666974175019708,
      2.596791091080666,
      2.501693812988762,
      2.2639334294856335,
      2.570767799623961,
      2.696395832832271,
      2.6867083440315067,
      2.621352613613022,
      2.6938134887428644,
      2.637375520403091,
      2.557854445516395,
      2.366012105574433,
      2.480250990835804,
      2.4532415821521862,
      2.30501110789364,
      2.2323658467308056,
      2.453404683117663,
      2.489265887496299,
      2.5120416522282456,
      2.366012105574433,
      2.5666948891817953,
      2.6138801593076018,
      2.5905848121450132,
      2.471853119674178,
      2.6127873857380566,
      2.6127873857380566,
      2.611026860161606,
      2.495140326914527,
      2.495140326914527,
      2.4828994219953984,
      2.499594445021888,
      2.495140326914527,
      2.6379271790402137,
      2.6710230164504596,
      2.5812361643540815,
      2.611026860161606,
      2.7896555752200687,
      2.8658749898342917,
      2.8443845322359156,
      2.786425874087823,
      2.881005488054638,
      2.8515296352190513,
      2.8075365904066794,
      2.443983891233451,
      2.5337967313039496,
      2.4409916848750037,
      2.1754119327005017,
      2.0179179007620958,
      2.159003093741608,
      2.2641208758737115,
      2.1206756235069024,
      2.3864258740878235,
      2.439462110014839,
      2.471853119674178,
      2.4135625652725965,
      2.1014097655573916,
      2.3878033046491582,
      2.4917022721606505,
      2.4615064411803584,
      2.4886085007312415,
      2.6333331187652163,
      2.5351690878172173,
      2.1914561245580857,
      2.0724312513221195,
      2.2915978358075386,
      2.388974430607562,
      2.4981388354549527,
      2.7216204045696,
      2.783980185029731,
      2.709209787191585,
      2.434905212132553,
      2.2532120184091546,
      2.4971863493290614,
      2.654163288856661,
      2.6963958328322706,
      2.8299661500102373,
      2.899040136645437,
      2.914689224164245,
      2.851697769750236,
      2.620151695116029,
      2.8827347174280895,
      2.900306619292894,
      2.8227385611392357,
      2.510768650436126,
      2.53537754909837,
      2.5424826938097276,
      2.5469818624420006,
      2.4872754307630838,
      2.6283557684727863,
      2.683293289103914,
      2.6727376797678355,
      2.6578823768686513,
      2.675698135367987,
      2.675698135367987,
      2.6578823768686517,
      2.675698135367987,
      2.609888167005806,
      2.4828994219953984,
      2.353508330567702,
      2.0220005168831534,
      2.3901292863864234,
      2.497754724894582,
      2.6069129463198286,
      2.513645929358371,
      2.4891793599761654,
      2.41896119556797,
      2.3529069231228514,
      2.1895415173391393,
      2.2515103592629804,
      2.2261504319610577,
      2.0956240025242416,
      1.7331039479508084,
      2.09477075866957,
      2.3020129208532607,
      2.231526006080355,
      2.2819317115181454,
      2.2579235654413843,
      2.2008257945180882,
      2.0414460711655216,
      1.4772170014624826,
      1.4353713907745331,
      1.3787834934861753,
      1.5,
      0.0
    ],